{
    "my_data": {
        "result": "P: 33.99%\tR: 39.78%\tF1: 36.66%\n",
        "f1": 0.36657169990503324
    },
    "avg_f1": 0.36657169990503324
}