{
    "my_data": {
        "result": "P: 35.51%\tR: 39.16%\tF1: 37.25%\n",
        "f1": 0.37248815553014203
    },
    "avg_f1": 0.37248815553014203
}