{
    "my_data": {
        "result": "P: 37.73%\tR: 37.72%\tF1: 37.73%\n",
        "f1": 0.37725476722212675
    },
    "avg_f1": 0.37725476722212675
}