{
    "my_data": {
        "result": "P: 42.34%\tR: 34.01%\tF1: 37.72%\n",
        "f1": 0.3772147075633454
    },
    "avg_f1": 0.3772147075633454
}