{
    "my_data": {
        "result": "P: 32.58%\tR: 40.30%\tF1: 36.03%\n",
        "f1": 0.3603133159268929
    },
    "avg_f1": 0.3603133159268929
}